Tipo de vehículo,Proporción de víctimas
moto,0.43002915451895046
peaton,0.38338192419825073
auto,0.12099125364431487
bicicleta,0.04227405247813411
cargas,0.01020408163265306
pasajeros,0.007288629737609329
movil,0.0029154518950437317
objeto fijo,0.0014577259475218659
peaton_moto,0.0014577259475218659
